displacement,strain,pore_pressure,rainfall,temperature,vibration,rockfall_event
3.097842053007213,0.046986357742242114,0.5897398768024458,70.87599546829095,16.95851509313141,4.017148637660338,0
2.589831510631707,0.02205671042484546,1.0671083614062724,98.49966643133973,14.820830044186453,2.0522601343217945,0
3.723381527792035,0.009256578808686106,1.7597821563898346,18.892316435964407,12.675336300233253,4.084892167893318,0
3.353521781758327,0.008931495540865924,0.7941664609933252,87.78067810697188,18.50575238186833,3.01549226624342,1
2.973162072210523,0.03685141626148375,0.39544055552610424,4.657233669876248,16.9483736335955,0.4689339411272475,1
0.06487260485228463,0.007420903259044859,1.7654091436346506,68.18688574345302,28.486450511980337,0.7477820308424515,0
1.3649779366352606,0.02761778554578235,0.12210929384107017,65.41141515689111,37.64720912176403,3.035148751829246,0
0.29952305963208414,0.04517064735161436,0.3921977988928045,33.44471390067414,28.24043462893081,3.070454564722589,0
0.4124605780601548,0.01269768211624226,0.001783821496880611,47.136860213287214,10.467343094243907,4.782368313977914,0
0.7975397583165117,0.00455964265435248,1.5827399944029206,45.70952706734352,29.50592668636365,0.801552852573435,0
3.2772639376736317,0.03162396803551965,0.8626923231788499,49.83739124005253,39.54325324574902,0.42215410590951963,1
3.5095131324744937,0.01012474690002182,1.375311070823749,43.40714266461351,39.161556435690045,0.9656586221802888,0
3.639989012202867,0.042638417463115696,1.4956993437061639,69.62232143249074,38.33383289417875,4.265239109964371,0
2.2536090352886244,0.017976485860767694,0.7833509031621977,12.265053362512223,15.236218605665918,4.307042164606526,1
4.085474294861664,0.04056120487904077,0.7612728518632363,70.184120720092,18.079498379716746,0.5887251885129124,0
3.14844113283099,0.020137029003796866,0.5883476541524051,62.54579989823237,21.90214743877258,2.3386466903576157,1
0.9027556991673208,0.0004439218349372498,1.6253759212335488,16.91124989834748,27.999320592955016,3.4630675075115747,0
3.839683237858442,0.03542541495942819,0.33233473081300136,59.80535680843394,27.80985332251555,0.23221171864339196,1
1.6743744649902075,0.008369971345762922,0.436495804793134,38.747117201460966,12.097440229543494,3.8746986113159965,1
4.338536299823106,0.020185660884146195,0.45278134494018185,58.05597701493236,13.095678112595266,2.6219054053305375,1
4.774258776203899,0.024116812060818244,1.7731274339319267,14.575598655189815,19.549042617521295,3.263480499664866,0
0.7961395480444816,0.03526576530387423,1.0916152752658677,38.969739209430024,28.700907453720816,1.241086038976254,0
0.9962425968352828,0.03524598038323047,0.6679003298385922,45.634690233232575,12.064496424532337,2.939513203010983,0
2.138515844488256,0.03660569425889822,0.3990294657738722,89.08809580435822,18.171172719534,1.775198487235834,1
3.4085537782716213,0.017159849989867717,0.5363851270005611,0.6422576934982605,11.595051342356424,3.6732802045302835,1
4.634890992239396,0.018432681302968157,1.9147330088373413,22.253287480504515,26.189494944638497,4.461122235951218,0
4.752086251669111,0.04470899450788354,1.8894018922792881,20.239409459832526,27.066332766397817,1.3463039287925276,0
2.320798980693839,0.02985388995485376,0.15868957556740781,87.25912077849183,22.840233994736426,2.433612902941706,1
4.404368315653376,0.01263267477374156,1.1324352671742324,42.79698135667247,11.522863486413025,1.0064875783994705,0
0.24448955818864193,0.03392222140851115,0.3503903545314091,76.43516631522745,23.25505660777288,0.6802540060853773,0
0.5138631455604076,0.006454286205536769,1.515607896944377,43.635444892643996,25.47634574074945,4.554565449572545,0
4.033990360672065,0.033378017342580606,1.3303826062837276,86.72395179950274,24.700484392681812,1.2437138155191692,0
2.291447628414937,0.001960969881210084,0.038014591263966224,50.72550074654879,19.28044704372494,1.2214076623906696,0
2.7054685906808453,0.03990795655611814,1.2598659652678263,75.27232681926336,31.730245073485598,3.087945098971623,0
0.6786400277271221,0.026162922686859238,1.2859205658733013,92.25106659508454,18.21678327720511,4.697462869536884,0
3.4558551803020827,0.03176985472240017,1.318464088746668,85.04271621289108,33.988590141508354,2.2087411834283226,0
2.745220885865038,0.04663618241420988,1.37016528905411,63.34783764104728,10.744117147042259,2.8191398206496454,0
3.6532221248775745,0.043583770415771064,0.9394264886509671,34.99395104686395,13.22766022493845,0.18151943453557695,1
4.961830401881459,0.00232663898575739,1.2346818448798995,54.05466902988789,18.789161691550767,4.686568928085018,1
3.326624834922176,0.010593576121740424,0.6646350936425398,2.7776171413522177,34.45143576894921,4.757022780667289,0
1.8896123665379543,0.021463480222499116,0.03431512705893591,36.348411021170705,37.62557217696454,1.3423864615964738,0
1.3227432052998416,0.008301534992668714,0.6368743571448103,92.88782902553415,31.33238146166946,0.24520186395608823,1
1.7874051105095268,0.03579610520916295,1.3524106328603578,67.14057156696357,38.82102743545967,1.6796673918505844,0
3.2655461265006913,0.02666479967517578,0.9931276353204901,23.666250890595443,15.517824298640353,4.742233885143435,0
4.308104695138989,0.040559791417395685,1.1702173159153084,98.09167100849078,31.916466384222602,2.718636136627058,1
0.2493639542089343,0.0158061972612215,0.7436646738008956,80.2224005800952,21.084128440509403,0.5978330324148123,1
0.889422660103309,0.041252645162315,0.6202776800116712,54.650884217929686,16.543023281989754,2.850671135179112,1
2.603911638460976,0.005842600653254798,1.7359424498995262,28.12548729249634,37.505696423680334,4.54220685628543,0
0.17508842494451726,0.008943733910165725,0.5718414980502347,6.918329649424393,19.858633044929817,4.83915433055655,1
2.9252063501213588,0.009459607467744864,0.9518273677946323,97.82739602870652,14.084126662828723,2.6773540982595136,1
3.5363696145528634,0.025553967350939157,0.9504242370339702,60.03582659524758,19.42373186424935,3.8490950628484293,1
1.3913838205588025,0.02843321736979584,0.8944166058272347,7.624156033443274,24.02568809618597,4.632633690839701,1
2.0355266525161024,0.042710276128458353,0.9578436032817224,29.270800192074166,26.6202576659466,2.836216573796303,0
1.3381100381407434,0.03907349930455718,0.7630062468604342,39.85616385041168,21.19275518923034,2.6315323390630683,1
0.11034141648458395,0.02111873251048334,0.8880697423354671,19.036273115965308,20.92127985042569,1.3452671420363005,1
4.693220019311731,0.026417742223861118,0.38442517388860264,99.48328448446736,13.271236125582227,0.2518915637581415,1
0.6134822407716928,0.0019874293067092875,0.40156872337172733,77.35106358290975,22.318294483237516,1.159294493618117,0
0.002723205955993402,0.008038364221391665,0.3048387339543148,67.40599958739281,14.964668237060426,1.1717953097971616,1
0.6179534072380694,0.008406043927417296,0.16542339447151,99.35694878083426,37.60658662093543,2.477314141990134,1
2.019866231324424,0.013438829161393419,0.6464079116061028,31.806397557227672,12.240505252015305,3.7563059493529716,1
2.9335698658590816,0.03634460265571021,1.8317102805026437,66.69139682231538,12.521645897042447,1.9850148079422762,1
1.2526375314279181,0.027178117017587586,1.0267299166223827,34.924954983496384,28.737901919911998,0.4795633757092682,1
0.9965043128027229,0.015479177484964158,1.6782627462832045,57.78270937246172,31.561001310225638,1.9256041089427005,0
1.7900541036438748,0.018863242743371103,1.6685520680450445,80.32753187458611,23.89735553582176,4.241650405027722,1
4.167470708309367,0.04641983991521039,1.2058361121120047,27.550563641574723,30.74894351538994,1.6300283421780253,0
0.7627830342209635,0.03603524505575069,1.272324332637757,7.656771760476378,19.51368740187341,0.8284300561008429,1
4.007418195838541,0.009732584249529287,1.2949442923024839,96.33600829643811,11.35889714858749,3.6917642300443814,1
1.0214243829390068,0.011119917035664312,1.9715504992018342,34.543622954086686,30.293996014477052,3.352020347582277,0
1.1876819058407062,0.007406885012910397,0.08697203730683367,93.7041689449194,30.346172399277766,4.110263881981954,1
4.801471595559284,0.005627570623488021,0.8057190788451492,35.34305620305187,25.598721741905205,0.5007374099891265,0
3.5707067600197884,0.049258174849269566,0.8281466095176859,21.48712593504284,32.98079925403188,2.951860241263958,0
2.440863076519487,0.023988281473857703,0.10242300370721447,83.37593828888144,24.969189055112047,0.18681647217423658,0
4.3858057122761025,0.016209764320558605,0.817794722064459,26.62246580746355,24.369309738652305,4.742484707595403,1
0.036860835336742226,0.02366685209167199,1.180469433846531,8.721133498641242,38.33395350950283,1.0946880958866734,0
1.5449404980087877,0.015792956174061935,1.4039383383539938,44.045952776505615,12.345851365783606,2.321926096090108,1
2.0845473319705716,0.023302661176799425,1.6966163210682805,59.11094863545425,10.007888895468987,3.9331016585058927,1
1.176494854106957,0.013322822160977056,0.677179249365033,56.061334021257395,10.334384058871615,2.6081036490643985,1
2.258877145190362,0.0164446188623802,1.3700448892757395,65.24549179647916,35.27128759476186,3.125511597491556,1
0.6880857509636013,0.04302012697256075,0.785149683885098,24.966498064745412,39.1824723940105,2.918282293683551,0
4.217347057227068,0.040513113563711074,1.5109855666285237,6.834615823583623,26.149472003781018,3.4087459497156845,1
2.6408197708830983,0.04195667756467783,0.9050012942164825,56.41846561951036,17.813867137827145,4.089646214130002,1
1.4527932255911753,0.032938854071922465,1.0590075044710427,5.1730216562839715,20.174250925306303,0.3225085150365997,1
2.5461050602003943,0.008649427496319001,0.5732949047715201,6.2125100150935975,11.198930194751743,1.999283672280439,0
0.5281213063403511,0.03218491610067203,0.5531117496972668,81.21740803007206,29.994600890829915,0.17781456013650554,0
2.304489726100978,0.017295863823630492,1.9551132140308765,5.5795384189869734,21.2696137276522,2.60088031322986,0
3.6232553105032466,0.012641096136527141,0.5938079982603199,29.228077457351777,29.94260728961149,4.240549111593849,1
0.9724177807515805,0.0024271779195571223,0.10274652070230239,4.664373506238572,10.190993992911556,2.265519621588598,1
1.1505257522629213,0.022236387109638506,0.6939069208004627,65.98862375839664,18.07448714621313,2.5833970743989836,1
2.5897558035172317,0.030396124197437136,0.3918005301839207,56.84512589139358,10.96501000988162,2.2249987755045364,0
3.5408227232750122,0.0030160359717673725,1.136581090039074,82.6582437390809,12.108795893921096,0.030417521235153178,0
1.0344097692208776,0.0429606622616916,0.346080631186096,88.3940178934493,32.787660198046815,0.8701136530071973,0
0.3942272241111272,0.00979126684052275,1.9853808961273545,62.92002496403476,29.399531254487734,2.97508888783128,1
2.2688936053218987,0.037514323711611876,0.16799496138009906,99.32983074897425,10.22571434871412,0.974076532635601,1
0.5354938273622101,0.03917516964954506,0.7560825449299158,81.78294354417226,30.079195093241616,2.0361794122030568,0
0.44427433602820143,0.0039492832123157245,0.5303237236276699,20.64413832345563,15.344805870864317,4.394820720132737,1
0.3183225067843787,0.046158401037236875,1.827882167125232,5.211675014766682,33.428137785619576,4.300021811389847,1
4.430854509089741,0.04437735800661086,1.2349401013530525,37.66137930324981,38.73954187212523,1.5081698859325292,0
4.646938704065782,0.04266673598027493,0.18028163033417743,39.09469248570361,21.249569248879748,2.551834153986733,0
1.437511119567868,0.02655840305911263,0.713926167373943,42.83251179621297,31.600803725715977,2.773075640388494,1
4.466649630584223,0.03621769491189005,1.415078092313878,36.59870289467392,16.992489290224846,2.218513582929487,0
2.6179351683147085,0.031123267090337955,0.3797418244929289,30.70027736054738,16.374201973625112,1.7210980100777724,1
0.8960648820189016,0.009477698711977456,0.07616401614225121,49.836276974562125,19.44652021967752,3.6849098390449218,0
4.870778239623692,0.030876448737772184,0.5203527401904808,11.422931612059395,23.616164108659383,2.832836347215981,0
0.24444103050207666,0.003946826634440981,1.3737699723310788,55.908457873951576,33.59890218846228,2.8356468631248073,1
3.675574799327686,0.0011690358619935448,0.12185682790020524,55.78806629596683,13.352586257263795,3.4987347858001345,0
0.7392067703273136,0.020788803724510287,1.8932585302461715,33.01063681352062,19.337489639799408,1.3764669041473498,1
0.1569706901050355,0.03343934597306907,0.3638090812345194,98.04284063041378,11.789844531230184,4.687255055906717,1
4.2538010885231285,0.019603999110689607,0.7128833330373006,23.026120238263502,30.623846898593808,4.696799213384514,1
2.329988353634235,0.02572621199522327,0.4401391564571253,93.66213041649345,31.039670739043974,4.262595833629895,0
3.8637345605577362,0.0036386975428048586,0.6346232618450094,46.30666040757559,19.245749463477644,4.561635593041804,0
3.6839157953831787,0.03626942593408062,0.3280136148059827,49.19569089898056,32.12219394327573,1.7548382662762008,1
4.437138215452397,0.04749539397865202,1.2657603668945447,61.19489401250969,39.80086054632197,4.689173473976002,0
0.18929977646247376,0.01037374917901182,1.775243889308138,38.65200241620555,21.690811883895044,2.5018719748516567,0
1.4800115124643205,0.04958682258691426,0.4287481369996069,81.79825145290452,34.91071259537942,2.1552712521662243,0
2.2757754902950103,0.012429017828965295,1.3993217980401174,91.55685021149732,30.31819355902757,2.6622529767233223,1
2.5145177376972034,0.04332564236796543,0.3934199655611823,21.17547209675259,23.826606866789664,3.4408147377228966,0
0.9250429273171829,0.018687033312767245,0.890818611878665,37.194616611695395,11.046145953954806,3.5391840994017665,0
2.224921761606457,0.013567033735366064,0.19626484981807835,94.20298060058798,26.056646270067375,2.9984250399139274,1
4.144711043164808,0.020576303142206445,1.9021371623980345,26.02119537578208,39.524936719792805,0.4735151313412006,1
0.6527842729279543,0.031347598178216717,0.45865868885009675,83.28821902102125,18.3303531991442,3.878255553756329,1
3.9531588071148906,0.040271882119065135,0.6853656694383294,80.13168557550586,23.69776554478934,1.5685685247843635,1
4.210734162041598,0.026225829519756425,0.9976671504873593,79.05731207581027,34.601535446197786,3.994241579609097,0
2.8714577000481194,0.030254893256017625,0.1146238589855415,2.677066300824882,23.995748799815452,1.7954418995246813,1
0.5657621252888756,0.02327702391586043,0.9812182354078245,39.359894024336796,39.532977117557955,2.6664188619627534,1
1.6627197213235745,0.03011135743395262,1.733193790188264,30.559580517759766,28.979245068173604,4.558814361372142,1
3.4003237651566502,0.04676233786978299,1.158590352804281,59.01754980271564,35.10819481563942,2.2857421821647765,1
4.113056514202046,0.006698586144396385,1.8949186653052685,11.813304795051593,16.782623521517273,3.2235337003230855,0
4.793950465388576,0.039715324799075205,0.7694795175569644,50.878737683927525,17.77391338390069,0.6159800664279785,1
4.49133204674524,0.03546731318418824,1.0178517486794458,32.06426769489895,28.618813532910693,0.6204207312100596,1
3.099589568531513,0.03913216949412806,1.5894339009884766,38.181891433087145,19.589413270231645,0.6385345672735793,0
0.5489113454442596,0.003234269201051793,1.5145931787815625,95.4939124492076,16.76639746568942,2.7124262012524296,0
1.2969805472223228,0.008816534223817408,1.1483613037730656,4.943511790461597,29.98694190520429,0.7393927538895773,1
1.568011398978539,0.0288153292935067,0.6405333390862449,75.88574943131995,13.663157352958557,1.573302715652617,0
2.9146773307110774,0.02397274827025794,1.3879838998218297,48.25561690291919,27.768316250024853,1.395686314925737,1
3.804925103426883,0.04903423955383623,1.797668654098673,43.776083080300374,10.793076365211167,0.5601155933993335,1
3.9821509203043357,0.038974744993028575,0.010738698868207441,99.57674562444936,19.762034450932596,1.8158229373934103,0
2.554246105168878,0.02132641973801226,1.6130551726690232,35.044987179934154,11.376361630387388,4.23266922516891,1
1.5083239309423386,0.013002297451797169,1.5975583425000985,37.45853040240197,34.21461590764227,1.5846899141536896,1
0.9244682998255788,0.03188309877160577,0.24119163524249165,88.19390623131072,14.956934252522158,4.447092327890092,1
3.0148699616303567,0.027926528990164397,1.3106908442514857,80.07711410698917,20.831825940147596,2.4997367580247536,0
2.315877214930852,0.040899172100300446,1.9697957085265276,10.207948178462223,11.24578677577684,2.7549323457458277,0
2.889344201457476,0.04914736329538366,1.6971865036143388,73.78910783198911,35.26384923643621,3.87961626473696,0
4.920668249862783,0.046492175405068094,1.4497070536924057,0.9371792832676418,28.208015999369415,3.2721020954765923,1
3.6527416824950167,0.039131927824612694,1.537844051381067,9.113638277302094,26.818410145617367,3.446474377162935,0
2.6433116361019366,0.008416129714902043,0.45616106945676016,98.32854988648045,14.390970803603063,0.5908146586397617,0
3.5175376828388423,0.004772855433038726,0.18341355964065853,94.68316518016617,38.70477311865976,3.2740181158987527,1
1.3021086873980203,0.029017190120393208,0.21913942539617626,95.75555468981986,34.18453289284407,1.9010776009438557,0
1.7200630155907004,0.005962765470587272,1.6354558732997377,75.72855886856587,17.839346288586782,4.659185129952631,1
0.5252193335723165,0.03577079432773031,0.6227273468065153,93.57967736707336,36.06745394072172,3.6762565252242716,1
2.4110377838723336,0.015257352721750867,0.7672618724674305,72.78633458593532,20.01866574116236,4.427645261633372,1
0.8589539802873275,0.04171946269963875,0.7824763645570327,91.05958683595483,15.294651571968336,0.9581235236348534,0
1.965099949168672,0.0008129962188350216,1.9154308725113165,72.94107267444846,25.627618769713056,4.916931860900534,0
2.887288738461085,0.04685274516248659,1.307677584088565,1.5593019610430248,24.307800170676515,3.189932956726142,1
1.8456568189816636,0.02766571779582454,1.4401432049150527,62.79555137851616,32.33166394574318,3.66104821440965,0
3.2708875488557245,0.001871382810913791,1.2663653559009247,68.38056780087672,26.550360814149176,0.7113509313532718,1
0.5737582518420176,0.008094200857766394,1.3000708361092574,40.74801039773973,32.44076817409368,3.2594435437851605,0
4.5783260049665895,0.0033625815607295885,0.5155764798581153,83.59067578251629,12.110896843654302,1.552975786227101,1
1.0778803141217996,0.005615927634142393,0.9232489169607734,52.18760558183442,17.425332485895844,3.8080586021836154,0
1.3004040449187082,0.017929860582144786,0.9898851877694079,42.64747737883891,30.276837449331627,0.11767938629299812,0
3.0041158515125117,0.028519738690880814,0.026508111737039597,22.60324292866358,33.94582353953504,4.233153484695318,1
0.5516108085071575,0.039807537395185257,1.8431872250731125,41.289083237433964,16.858210019100266,3.904759944953512,0
1.9387973627548245,0.04544525431120714,0.4389137296978085,67.16526760708246,30.36198886298582,3.7428302591578655,1
2.608853990388709,0.03952537970715012,1.4343926600372887,16.882634092150173,14.15837919974793,1.6833485482584094,1
2.586745462114309,0.0024163346398701937,1.7957355305928115,15.074505728667365,16.861269799217716,0.8379482076093997,1
0.03093435274216516,0.04004197225506935,1.0017886575652513,9.524924915489152,34.32008274558303,4.4486993039316705,0
1.9019248034627894,0.028567573826888737,0.3129643832307092,18.146398934939878,36.35062679648318,3.016732471214929,0
3.2431110144189312,0.03372564676398262,0.6792551645937039,31.209424195105072,32.28672918368732,1.7620977799460358,0
4.870379961549734,0.01742228102832292,0.028065208159591792,53.118184670071514,20.54680831132301,4.0789126468726,1
3.8463074498336614,0.0416158736016436,1.5171228595558275,11.005313301919395,29.46619278266317,1.337807151966034,0
2.043050383682496,0.026728528973088167,1.1825937798674768,90.1069086262576,12.78231116876576,3.7850997020969794,0
2.262353152015002,0.026662272264983373,1.581253427364946,93.5048774261512,39.46834500384605,0.8783919299323872,1
4.893188329169796,0.0067261727754788225,1.3139148588997773,23.278661925554655,20.843879754651148,0.18362497466350658,1
1.50658647492511,0.015588370944233737,1.1660152153676553,73.58596414150031,27.864432076385206,3.575562876957928,1
2.2791831940826497,0.030588556217901932,0.12443169614465832,99.02982227810148,15.637775410555287,2.4602587923554315,1
3.102219473807686,0.008601592424735589,0.8580358369674639,80.06583074165515,32.085454922113996,1.4588134096459577,1
0.40114761605004157,0.04908726036078104,1.1588822524899183,30.04186916622974,38.46354842555513,0.5770865710069628,0
3.0156728003827475,0.013823026315128007,0.3880422793229694,69.20667002712666,16.217542453988774,3.9110372083632825,1
4.449737331612187,0.0468753899864454,0.48001395746583175,40.84259255881542,26.257154139923383,2.7473100301539066,0
3.5649341964920067,0.042969249009164566,0.7508835166383052,64.37075621334492,34.349621777301294,1.4868964979867423,1
1.4183849940308653,0.00664777323074069,1.2031695886580125,89.47934181780046,27.206676512154825,2.8522548098110576,0
4.504608422024597,0.005909415881136571,0.5324031315408593,75.52557861578252,29.21699914619718,0.6438350556590278,1
4.188088421371386,0.016251348198512417,0.7760076338423778,2.538478272599176,28.102285300207406,2.9326237438112708,1
2.7676219420059067,0.004292926384313417,0.208612026591658,24.42099696725868,30.833615719475212,0.16359868606168337,1
2.664928511510473,0.01872354884088324,1.2979322418857016,39.185642267266,35.366649917176865,4.376037670133698,0
1.7025582080788948,0.013193868000621257,0.013264981320245894,57.03976286353141,14.810273868096404,0.7561416643741081,0
0.3250569713495427,0.04154329671228072,0.1366744646916871,78.21175745529716,33.564368177734195,3.313485064221713,0
2.1853324640304486,0.008365814594160886,0.28265751901951175,78.3554038168648,33.14881729473873,4.267806568590803,1
3.309217865631081,0.02103112233125582,0.04424662191030504,41.935591338675934,28.314149748115387,4.396864842691201,1
1.261943060131423,0.020558591860197213,1.7609973704424349,89.33811721799817,12.481326466689309,1.7839518735791826,0
3.803893384086825,0.01729998718101323,0.952271380459,12.347475309010425,10.236425670032073,0.905906662817621,1
0.46597778820751334,0.029958093853717796,0.22443389213860154,91.7980727711071,18.018707746684086,4.250164057659567,1
0.9952866831004265,0.015893694090954785,1.7328578362406661,92.00370229953857,29.517790235693433,3.7377300826107747,1
1.3882775335783664,0.029239936538819462,0.31275311835664454,66.58401090056348,25.146290423162863,3.546090003509974,0
4.3201140273834575,0.01765281249517694,0.734334026083741,36.00954995750476,39.031617097517305,2.0080187617497542,1
3.1236034397669155,0.04823516203274706,0.04914374861677917,22.0562003446086,10.846600426275812,2.8146225965544036,0
0.10863013724195625,0.04803022740614668,1.8767286301308725,67.71378864593471,35.3773236457397,3.2507857361064247,1
2.9759282705601757,0.02377291259076327,1.0466382926265148,7.213527081385918,30.622760968923462,2.940818311923525,0
4.8152035373762905,0.001091201410266318,0.5185029020242113,48.92729914565711,36.324361880258024,2.7763101293719976,0
4.162280012300089,0.0025880021995276503,0.559933191319874,74.38941606002453,10.21722029461985,1.5665075341653478,1
3.8688724616015717,0.01791552393271073,0.3838684480382144,65.27808480379974,37.39502162376582,4.2348774450890625,1
4.708909955797207,0.024895824976141564,1.6471119462605819,69.46466604741435,39.0342312335859,3.21137087701925,0
2.6697199838878536,0.02312718291439463,0.9047004522281301,14.918137120937413,18.25180952755258,3.1379505792061826,1
3.6154643828602118,0.00977970394306118,1.8408022343094868,17.217776446762866,20.693937906885438,4.615068127939431,0
3.7522868063859898,0.03961461195002699,0.9964164971362286,96.6018330967893,27.206218620373978,0.13231216195392304,1
3.7622727468990784,0.023776136444892394,0.5865001188537156,66.26096683005252,20.26993213509715,1.5607501571974365,1
0.7091468254750077,0.03434340617266622,1.0907347208102636,36.34071550905074,34.38572833763628,3.382682816220635,0
3.3400257675517038,0.03697968104328344,0.8020648637023484,23.03776932479209,33.858754630263476,0.7902101322041355,1
0.8408179135212673,0.024544881476479093,1.3791245411837139,91.64212879334644,33.645221021218,4.1397190984027645,1
2.781240373012915,0.04511281951961019,1.0615816698533123,45.02757303892667,31.675917746066784,0.22915851942520826,0
1.0582665001950082,0.049317805146740945,0.993268769939831,6.3864939453578184,10.31315218492174,2.82972839161509,0
0.6959500938835367,0.005308865896611509,1.6723955364080147,10.102013608938698,28.904533332234884,4.395187617254011,0
0.5788487222890015,0.015145214038290162,0.048639683962250935,62.38959747503097,21.45671431524701,3.1364493609566413,1
1.9234820677684283,0.003423160799077191,1.5008645603432833,80.81109055188412,26.37928635640568,2.4210454158476824,1
3.4655533685574196,0.027976611808102445,0.017225955580928876,22.661213452031127,33.402633598865684,1.936705579201949,0
4.7214640089602415,0.03385601907181108,0.007634961725317746,45.40065285900565,35.68972939648255,3.49768616281877,1
3.759715307182625,0.004613414923969772,1.9319012854207085,1.88278713368486,27.544337281332506,2.7787574682658334,1
4.77121766677023,0.0296010576215541,1.8395746611859636,26.001595382226906,35.92060963832658,3.9181367523618333,0
2.326614559127434,0.014877791756994392,0.09685533819332748,80.15961222597993,16.45076733850595,3.560352018661165,0
3.081517409830919,0.04997472953165618,1.289513604132984,0.1748615845070023,33.99546539298847,2.2633698592133085,1
0.8566657904249536,0.031080700005927542,1.904438517231333,75.20712053940824,22.609724093197933,1.5513529100277563,1
0.6835594035476922,0.03063567614615403,1.6114082900182731,99.14467357124133,29.555160090878356,2.184942566504719,1
0.7916892615258753,0.025015071407231942,1.87298568714531,16.731766154855876,10.896039207846961,1.531371131744128,1
2.3621467607416466,0.01095470078055008,0.792709164888268,5.207360819587203,35.33082204777716,2.769254328351538,0
1.7008055456671467,0.010933946666549694,1.0820413055290312,59.976325368797056,24.450262947167698,3.6913423207513314,1
1.769733678695102,0.0009108188476615931,0.6744380292735361,73.50378605815578,39.165765025255084,0.1836701552704173,0
4.840160828386964,0.00826551254245821,0.8216448293797907,90.50548477481138,16.392890400401363,2.2349327310218,1
2.889316730866744,0.02014090953067138,1.797751182334732,48.579510998135866,11.755247906298893,3.8345337479684423,0
4.677861043934556,0.03385958233512145,1.5915651002678664,28.146635175739533,28.81920971503712,0.07488355242975919,0
0.6679264836901516,0.02572207093806113,1.7100321740224524,39.31739065382926,26.719267490352088,3.8290486422220447,1
0.2719919613149596,0.048330831194013796,1.9729532116674857,57.133361117401925,11.297119395953677,0.9097095617038414,1
1.1007337154576717,0.018878159219003668,0.8854108308755746,99.56254887797942,14.72268275198205,2.426458571365931,1
2.896178516662623,0.018324835625052306,0.191657954716296,90.34131144112769,35.53005930298999,4.676792168627512,1
4.758944787308464,0.0044172949327152934,1.019057149386165,89.59343809504257,10.401259943047872,1.4018790805074643,0
2.739405430014333,0.04650677734811162,1.9103820585197093,56.555283058732385,20.731437585537456,0.8245318712490274,0
1.3583787763098605,0.031970454431997246,0.012965023251246821,29.96830623839347,27.372445013304283,4.81630250033383,0
0.07632217828956511,0.005069236181896209,1.857089461368317,74.40289859636194,24.453442571031307,2.7335452188088953,1
2.8221278099285296,0.04218004124870295,0.8402126620913128,84.71767926356615,22.99715109504602,3.7687839640932426,1
0.8649745985911,0.009908389391159095,0.2745985730786167,82.56666806620545,13.679033542145568,2.4599235831455846,0
0.035254851434025625,0.008531679771409357,0.8946658433775656,90.6937799495263,19.741065194715812,3.238302457772545,1
1.3333520167550272,0.02632503317807552,0.2727804618704046,86.70189328824246,21.631850533319582,0.9593946151781213,0
4.094305230617725,0.009202886732724158,1.8345439654870328,28.176598073058877,14.102301558743708,1.0415598607094618,0
4.402848053627444,0.01199012025945705,1.696852952783884,48.83645793907452,11.71634459947879,3.686349335004215,1
4.320298804725969,0.016434704865608506,1.918350167770257,57.77024107175697,18.503189231387577,4.9320031141349014,0
4.845188502181842,0.018209430040751436,1.9036116000182466,95.15273566632331,36.59208153996623,2.6306408917253528,1
2.205566860520656,0.020964857655911225,0.9150102062847543,68.71484681047698,21.165136794564805,2.21319609314933,1
4.908147878120794,0.04933638876695016,0.3983054009446434,43.17116628457987,12.995900398712033,0.19564148709825757,1
2.0904052104073485,0.002397950941382182,0.19282540537151016,80.25915523069844,33.16032726935488,3.087346634376295,1
4.860730231263282,0.022617153092197646,0.8724843373796103,32.45215057545033,32.354718277733014,1.5828377091574626,1
3.489646434334973,0.006511720382483011,1.9275823408971304,94.20034775716303,10.989918780319709,0.970975702113755,0
2.0388383880947645,0.04814274861314832,1.0411619155844796,86.56452103927745,28.67801653418368,2.6817111845481594,0
2.8462440417433337,0.02443286434188868,1.0849979185356924,23.321150849290607,16.755004650598302,1.3156993114928954,1
3.6209538283371323,0.039274225825339,1.881546100168544,25.14967133718554,33.94354832194526,2.799298097284354,1
3.0699015088771424,0.03973313577819826,0.8111135632661961,61.74811750846081,18.714288104874697,4.862863357668798,0
2.510863636903925,0.0026797993396079248,0.605805867971521,65.35673698480325,25.550746133473908,3.0080407685240895,0
4.295097225175822,0.045917088595711676,1.6039905633583325,56.76575471220854,10.809485872371031,2.2988937505473994,1
1.6797922743611482,0.008728548199567683,0.2753063328669292,0.9156002421187304,16.64644586384096,1.3413013338214108,0
3.234584762014488,0.018483107470566796,1.2473078416332262,16.36536156625308,19.610125996446154,0.534855271778894,1
0.2799215214341544,0.04160197237373587,0.2911378904656019,29.36933945374062,29.36549369615283,4.874488750466816,1
3.3078567412110194,0.03288938503349919,0.7190058286618266,33.6733241575086,11.3776498529372,0.6298687817164939,0
4.232856961248806,0.013768633309233048,0.9299119834543899,5.035617872106757,25.63654523010534,1.3201754121010034,0
0.04086287083047091,0.014082479183234832,0.4596708620577634,33.09664897275635,12.223662789634826,0.13791051644128693,1
2.5148424345664693,0.02726728847207856,0.7542734393202668,19.860262139443684,23.52504174124276,4.873917060825895,0
4.385767326310345,0.037845890826026705,1.943401266286731,15.410325623430754,15.47688753338867,1.1706265446583064,1
3.2100187201560364,0.04637493770469833,0.2577787594515666,46.36997488139841,17.489564937873936,2.6978125647789137,1
0.20452292891130763,0.008235658704339755,1.6821399159374195,16.193630000392744,17.868111189066713,2.9237092173639074,1
2.4287516196627683,0.010190648300573923,0.8513386162726433,78.26240020742814,14.672680769498303,1.3409932527093886,0
2.4138196889017314,0.02610444667370216,1.1851017510229744,95.59246356817077,39.526112747785945,0.8317030600526643,1
0.89616000426753,0.019772349551871772,0.4292144446616595,21.785859664504336,11.806641790570099,1.2560437792597212,1
4.183551353559286,0.045398141248242735,1.2688482999824737,74.23399600576168,30.567845637252233,1.8139290161896027,0
2.156293876556216,0.020451284313531288,1.4618718689703152,11.834668259355773,17.88594570493648,0.3188788852167601,1
4.7645296901539576,0.04891304656674929,0.7921880773995882,46.68741388426171,28.002692900909672,1.6064501985428685,0
0.06258943588141497,0.011524389559672605,0.8451801769034275,44.30171596326221,12.927262449045793,2.3776519443772286,1
2.2209752500340496,0.03902699868935866,0.5659615218093421,87.32361278901209,17.35545877029942,0.9948294895451915,1
1.9376697423630818,0.012423957314333323,0.21587935339142073,19.94319862977607,32.26126251978843,4.744329119514265,0
4.1768898143594395,0.011318012342299661,0.00807208053644115,77.60181295186723,10.564098152942211,1.548912300250103,0
2.983330108306696,0.04664178095468153,0.8409399190628675,91.87909992183839,10.31458150517097,2.0949234266356296,1
1.375298196313976,0.004874948574526078,1.2834187557288326,1.3986680497297899,26.093674359876214,1.4802531977705247,0
4.351371985768261,0.010821894664680027,1.0134058176852354,94.76479860436622,33.86618461249061,0.7844628017353561,1
3.0519720940316413,0.043368127733744655,1.7275035845988382,46.76465551614227,27.454307019246514,4.772560779053546,1
1.7134068454592033,0.026584764100231487,0.4279481182961975,55.038637125595244,24.61690104409559,4.105322912515902,0
4.245705325506123,0.015159581281625562,1.065131832349735,70.04666931176202,35.88546599044803,3.0533548993738946,0
1.8773263672280072,0.03325384323597143,1.493956015839322,48.609029176398266,25.32046916331261,2.7881665404099207,0
0.5318236124198716,0.04645076534274328,0.02706242693440064,33.0013567810318,32.750614267468876,3.471234035236787,1
4.627711180368177,0.03306088225344904,1.9238395448036,41.175166960221645,34.0105076013754,3.936654177050481,1
4.579091100111341,0.015992827106620013,1.5038454252460316,91.40225860690619,15.202211659432045,0.021721846822626012,1
1.7399799433865941,0.047556594079074394,1.5209152722020474,88.17266232284977,31.087161360248416,3.53210950147779,0
3.3245728592785855,0.0438533861013917,1.4984910343622244,72.02563223825801,23.24515537980316,3.00276276953354,1
1.5488874156620795,0.040054591524814,1.7804589785663343,36.45643966519129,15.74266451278202,1.2372588980377497,1
4.437068093684409,0.04441433248338181,1.0956997245235858,43.35848526390378,27.038091734121892,1.3209951414586647,0
2.4833327840045443,0.04751503201247331,0.02294178829626503,1.8668464615293145,22.40861826744707,0.9430328143276989,1
2.857788411694175,0.012745797263554815,0.28597355790957946,24.127066399299903,37.79126205574871,0.19372438518047486,1
1.7770612773161139,0.015576238589447573,0.6061866909169054,91.82341355542096,12.729852440118215,2.7850395268608876,1
1.7389924173552784,0.007550703110856172,1.6176511588640627,2.667614191195844,38.56278399365431,2.1898801114377657,0
4.035134486042309,0.03538743339694987,1.5167579519470777,37.53635964789235,22.729769254955684,3.624752313359597,0
4.886877581432268,0.0018039068672876025,1.952456619672119,36.84964158474309,10.415157102115451,3.790015737949688,1
3.8460144449543137,0.04734171485095276,1.299750577190081,62.37341706348403,25.11294322573343,0.23697967751491078,1
0.8717665481452691,0.0022518297625408524,1.9449058900726521,81.14603117107727,26.707206833478338,2.7068603665527187,0
1.3304603847877767,0.020522126132650892,1.2597986126725929,50.82112331388344,25.816873763833605,4.477177897683706,1
4.670856989649318,0.0346763094326547,1.4156688394017303,65.50539929734482,30.83330273529802,2.223973432648138,1
1.478972240894512,0.0056474362218643165,0.5009523031025578,5.8271406842620666,10.638089979188013,2.665613366422545,0
3.0623162670939825,0.0207192778086116,0.06526963815078823,66.83856143419534,22.779113022226284,2.008901304187503,0
4.6097717731313965,0.022880306147425474,0.880747404644179,81.47571008919631,36.643658806178735,3.017018016234241,1
4.034893047659017,0.0402274326658979,0.9093357492589536,98.94088409294261,15.019936028078027,1.19136410468491,0
2.1998253427172125,0.04242668084224832,0.7261479699298217,44.23488271681062,26.45181855383407,4.016945913347544,0
0.4872346404513228,0.03277752585258684,0.4519163665241075,22.967017824132473,30.25787459727381,2.4260378570087355,0
1.5045963577626615,0.003582054526809614,0.3788346949043633,75.08745346974015,21.02398892059935,0.3010430940278275,1
4.210216516892683,0.01639413355645798,0.6219516536114822,47.34154905798037,28.453337822438833,3.6478827560343587,0
1.6737420718725122,0.006536416625654429,0.40906748175434116,62.141875282891746,35.57283305129384,3.7878851184327287,0
4.849103157132912,0.040216432441799864,1.0828090608915562,75.20932527755076,22.02102099985589,1.7301156399044788,1
4.38225547961002,0.009448842091364307,0.18016684327122,98.66043886069326,23.033194155552287,3.7809744076739955,1
4.845004923786561,0.03127027202919578,0.9282877433276655,51.016037889094704,26.852987422988242,1.4818797555544627,0
0.11385163290708433,0.03946309702282842,0.3810025302490374,53.74978024544899,10.347508822346098,0.703795424278284,0
2.412861319301115,0.03853780738390103,1.3574910690389062,53.10451479894178,11.887890958883855,4.432346371557936,1
3.642674695497517,0.03863683980562416,1.597077460953915,29.831424519964266,38.6652555188076,2.4882944432232708,1
3.1439849046975437,0.04128769675755554,1.1474839002382051,52.52649224399054,26.21741235959708,2.2207367871797095,0
2.3467231312641235,0.0028895412788943866,0.5168085576974781,66.41122070433349,22.52869287343693,1.2371369124963323,1
2.2058285806331996,0.01037797586321761,0.48476138961712056,62.23120621961522,23.705960930293372,0.4634367999569289,0
4.757508240104179,0.0022689614060222743,1.5857240260266812,43.43610691781298,16.332217085096147,4.331372708429432,1
2.2751050528800896,0.03791525950958424,1.1458496781662282,97.35256287951314,38.59208886032269,4.68445825384449,1
4.331310977258267,0.002546487268778902,0.07951792689019421,33.03929671137896,35.17032124273962,0.7232193393496056,0
0.9512015343724461,0.04083314519443852,1.3060047488527424,39.34503423743338,33.72297237129371,3.237526227129276,0
3.4339348394773865,0.048520618842640646,0.9053943393205957,48.84510826474842,26.587158133260992,0.4177104407624116,0
3.935605720740643,0.018573074401355232,1.7447235165889152,67.53547075751828,15.436174840449246,2.2641220786627283,1
0.1753308436911294,0.0034239741494848878,0.9600444252290834,33.59550983240172,11.09763553482391,4.506062338143527,0
1.3992594762840866,0.030606305314575893,0.4318136145613387,36.30732500447243,20.376582681668744,2.992172013332107,0
0.28919198925278833,0.027335618011069,1.7244972068480529,66.34603899002249,33.455019888184445,1.8188229290293,0
0.19084356732455787,0.015508312719490908,1.7542171185562574,91.75914104775063,39.61427660510842,0.6087996754426761,0
0.6203946756991774,0.011926833602647291,0.6613627802363375,57.96817732589826,25.506468313259788,1.1612936132460872,0
1.8938335704252633,0.04206299323475291,0.47979336858452126,34.40537735042846,27.22031539799663,2.7599947746329745,1
1.0745905743696964,0.04671049135930744,1.6225693427943464,91.60889253205886,23.420777384615597,2.8378935355477704,0
0.10223670497341131,0.008349285325246264,1.1812490652164742,2.4574760194334244,24.380888921979004,2.7927476838707377,1
2.6923443073134106,0.035690814807968235,0.16786235847438746,10.282187872319604,12.41070419073639,4.767790175769665,1
4.578010123390004,0.025873448774007497,1.186550725717408,33.73684409033947,21.963009238616497,4.600703108391534,0
0.14839082322404162,0.02387988179611125,1.270878783622465,50.79043184830092,13.5905307725361,1.4991063722475668,0
4.884530493804715,0.04521159554983438,0.032630980873153526,61.958976040471214,14.944868434168793,2.292803145500259,0
4.418972684486062,0.03409832647663555,0.20292699859985164,9.96635798149007,35.06673130740381,0.527065052499508,1
1.5898477424241764,0.007920421920912529,1.820604360055797,50.30088689333988,20.781016988857257,4.830816251227793,1
4.691127667636323,0.04117892643255719,0.2526847475220362,6.642000358146982,28.64302203859401,1.739889411956614,1
2.9022496836158034,0.038977008726110915,0.5748201252156404,41.187518067311046,34.98580618935548,3.013206403551703,0
2.7666134495273282,0.045424005729337046,0.9284792423265731,90.65710381992308,38.322336077143106,4.871509365090478,0
1.8308040380801267,0.010506473032401398,0.8454769959319834,31.40077694522875,39.41880162016436,1.3247016002681267,1
1.056739914391747,0.032613401642548584,1.6770111864872934,75.89265623623879,36.42504495844296,3.9557865259612432,0
3.920361761621,0.02292060521788076,1.6735063193865454,16.735360372784726,11.382572089761867,3.8201455337972745,1
2.052781830628229,0.0058483340145245866,1.712617091744046,82.32697820895805,32.50589480471267,3.4621976178562033,0
4.816296112145018,0.040823233114776605,1.2056863790360195,26.506555974490166,27.95397072332197,2.5876574119735896,0
1.4390969109895357,0.044309538810451216,0.6829884751691848,22.83864907603239,37.844753703564706,2.1087380792742705,1
0.16849820647176328,0.04406213399041186,1.1424628545012543,43.47909929389111,12.163150110465873,2.0895906931780557,1
2.4580281501754393,0.016456076822360676,0.22505142913591136,49.66895693742567,17.25768616105524,1.3518295556445403,1
1.9878124017061412,0.04338537154139285,0.03402472215372243,26.97037034661499,10.66696357210708,0.7575520742547381,0
3.8043988721105797,0.0251373410487922,0.1247007792091257,30.12466964755509,25.799743464410255,2.008066372606475,1
1.483428167680445,0.007049565447005141,1.7555991499744534,79.63228067529275,15.897541747441668,4.485462887707095,1
1.2783811865726653,0.031913487145042434,1.1635549052275398,31.40922034047431,28.717767696018246,3.9904729480726426,1
4.9935267429857815,0.02432035039418632,1.4505446008237175,44.64713258075271,16.42099818818334,2.217581818341419,0
4.140877333913383,0.024223025644544722,0.2928137239680779,15.821010266521906,21.382983458300615,1.467785770929337,1
4.724805304285099,0.002091315595904936,0.5582862008540579,77.02788123336653,16.587158344828005,2.0876896707669568,0
4.85619228345284,0.0004641529341137374,1.4507157125947638,1.5406440061426663,13.587479512724025,1.300490787589494,1
3.0130636133039563,0.04764036488009139,1.2317976703055986,98.72556996148104,38.72261372489653,1.7685873160105048,0
2.6693485312750735,0.030802836466241212,1.1527216527933748,21.034843059225494,33.2651613017034,1.3709517793442356,1
0.1777420605118024,0.04648471469480409,0.25344644647760783,16.158855413949635,34.07942833240789,3.324257160916231,1
0.6776588673919209,0.005265538313064766,0.8273921641331778,57.361069360262086,39.78029608292243,1.2982352922922873,1
4.513693989042718,0.007487167358964636,1.2642861975420794,76.27827031748497,12.091604624362466,4.202909305763852,0
3.4952745038397643,0.043914022398854224,0.8446522087954578,64.27030828546492,11.04670570538172,4.210821236007226,0
4.2098413810288,0.014857628271365103,1.7043350527383543,40.30530551061844,32.24970576699538,1.347012830398215,0
1.6518979004704955,0.028355708278843473,1.9535066230764064,7.94162315826955,25.677672971513648,0.4909438017869244,1
0.4551471455224282,0.025882093850972905,1.1915358109459626,19.51226283399883,13.083616750377432,4.693119084390187,1
4.012107958280146,0.00789733957493447,0.7666804253768562,89.33651377668428,14.373247608622872,2.83121820668439,0
2.5802002511058437,0.02168886546309446,1.8802556588863024,96.13896180911415,14.54742331343823,4.142049669446136,1
1.1084618844479954,0.023935764863545508,0.679135084910939,53.55530549005149,19.395408930505027,3.9585762286170656,0
2.594342672831587,0.047982783844269045,0.37646584575754516,30.755065168452646,12.21864405960213,2.290914995016477,0
4.693717822945943,0.006091582505131466,0.8612498418961003,69.74816584313807,35.6397582330244,3.1528956661204406,0
3.477455826531453,0.03888657023262179,1.8144063193945767,61.80302311455669,38.09655634510447,3.879727538553688,1
1.9198544182780415,0.01991365596922571,1.8309360154370813,14.495294728464192,39.96594807820432,1.0483028207623564,0
1.4110809293262276,0.010314291460012372,1.0896860203565046,18.75197084388821,31.606642768109705,3.179005988610262,0
4.499399915958189,0.013078520980177906,1.6507284737644086,88.77794892929042,31.542935889724777,1.4641873692936254,1
4.829532628410292,0.049018380103276776,1.0464629650713304,87.84756017556947,12.610219397758232,2.194422985234736,0
1.5748142564353258,0.0145451785933163,0.0206785182906295,97.483240793479,15.32542002525144,4.550689604522101,0
1.2824462556599063,0.04985151682204122,1.8127911985417902,8.314022156792234,16.70648137905862,2.6259070538086684,0
0.35173523417706354,0.0020792879392259158,0.4149384312503581,67.46365167921836,23.4107924242205,4.264998828003193,1
4.3400190901399265,0.03334058174987788,0.2859977827567921,93.93567576507394,25.920130779465328,3.2045503899717835,0
1.0957586477711607,0.0022451374794064116,0.9558437003869218,56.280091326946305,37.8072933740503,1.7088600457892595,1
0.1866242597184542,0.03239418491590519,0.9104771443730326,70.00767671673577,22.180005211957912,0.28322604152368147,0
0.9548689039204933,0.04208096514287717,0.6122540031355439,7.17713851913413,29.137419673699625,1.9079156705748774,0
4.242049859226837,0.008147282805649803,0.5254636268286688,72.27879000262969,23.118680233835804,2.3247653588220585,0
4.72437132134309,0.03736034036372467,0.6744677072357952,97.70315713606026,39.794315485081654,4.639523032329149,1
4.761190987275657,0.048437797763277946,1.195802748622508,40.8551204301058,21.183301223624184,2.1475977074129005,0
0.06290716235051952,0.011174242144657693,0.32963089838712434,50.25729463510893,26.698398149371876,4.465073331157735,1
3.0546033001865287,0.03444648507705183,0.24743446160870497,92.20315258938257,35.27894580142079,2.7394890031259007,0
0.4689961988748925,0.003045886775974555,0.8039952202444574,31.612671345781507,26.741663204613367,0.8104784221042677,0
3.0919876131584774,0.035554931496290874,0.5043660570741306,57.45668187448993,14.895451784932298,0.005189146230065167,1
3.5259077599919166,0.035989933260664034,1.9215856316267093,87.15521272261654,17.83730580144494,2.5159818120340582,0
3.901485893888913,0.029364459582405262,1.1537067354257018,16.548409985111157,37.90179115924931,3.2003126540494775,1
3.1656042604905927,0.0054514041613100035,1.3395955977073397,16.693807936533467,19.183800359299468,2.134553889657319,0
3.241833283122173,0.02280086848175757,0.34238013460446703,64.68762124991453,16.80111604210992,0.4151051884971735,1
3.1171059649320316,0.011490614441680987,0.2146708485265827,87.50583715399111,34.29501379346701,3.9206946887132936,0
2.1430334409125766,0.03617446445357544,1.1308841243015235,83.85120092844046,34.59111311390043,4.403849983578045,0
1.5581558436721954,0.010240442064513862,0.647390243346893,31.96549019147945,38.929297471464764,1.8030080477528265,0
2.8981467371115683,0.004606431746156226,1.6023154933270762,52.95107241974289,13.734512391458011,1.236282004700862,1
0.8325553235778482,0.036602650601177456,0.7253990164761162,35.97083292863793,13.262017975736333,3.4076843691559993,0
1.3091457843244787,0.024781203477205117,0.04415050878812288,98.7002009741302,11.416526949949903,1.9936251534376237,1
0.8283331695954477,0.0004612927554206947,0.6499153946087326,99.54660144650092,23.047176351031393,3.9825903017000486,1
1.3512900192070865,0.008900231445879947,0.9763932338105465,17.005542486931358,32.97243405369018,3.96163918219618,0
0.36354503977657937,0.0295374228320483,0.34041203731599423,13.335014232208763,26.977198707010775,2.2487661343486836,0
4.809899021776195,0.04395187626460961,1.0507453732827432,54.37028403479343,11.41912767997528,4.256999179572892,0
3.0019166904510053,0.027509835910651283,0.4550533578769105,96.7419773016881,24.844642178553894,2.593576036275417,0
0.5933453734926286,0.008033167057274871,0.18705063651716336,65.50107181463495,33.66183762779774,0.05033412443403662,1
2.3516547674376156,0.04322324298087207,1.2911884401256355,40.65638608673572,24.22445610291289,4.765178979343778,1
0.33878191006693037,0.014067485967037559,0.2223023396745778,18.30339720449836,36.647326605891934,0.4501040773876791,1
1.1934776354310812,0.026394060918554514,1.096282210182371,73.7002679713348,20.36895414495242,3.427421474614305,0
4.142010055284216,0.024859362380837587,1.3247168281820287,94.03943246765618,32.270512465822804,3.293974367574302,1
2.7250473822268177,0.03969483234598154,0.8625028186471522,13.487114213391994,17.994367192366965,1.4446072127337732,0
2.3951590372273794,0.03469470964093468,0.3612679743710663,84.2965826206138,12.626388897147306,3.0332210893952616,0
3.8946033032052885,0.04370669464211673,0.2962604407497562,61.52145696183234,33.35526968001367,4.118004911436674,1
1.865240396302379,0.02634874562955483,1.1507434287047629,81.18894544995328,20.156764015454264,2.1878046216716696,1
4.834793846457687,0.04072395659974523,1.4684668330078385,20.297480205574992,19.618002167973994,3.654143968725028,0
3.566237159868729,0.009509394883814089,0.5692826802689284,86.32348403148852,30.962297836873937,2.1690173710676945,0
0.613945017697442,0.012479433588386074,0.42449292290514884,62.629932197979784,27.99843918693901,4.058355100610589,0
1.66974521447953,0.002527423613946783,0.9547682432809841,39.508928976274504,16.49947680808113,0.9869813019277318,1
2.3433286129716544,0.0019253419928993043,0.11875038889524636,1.2278950054985138,31.4947046884026,1.3121443525996557,1
2.6449536972495684,0.04438612039101619,1.3909346194472478,54.441598793644395,13.67569204175531,0.22874417412996229,0
1.2352147400889257,0.03521279008110686,1.140305906337015,32.02163014380227,24.344185851852696,3.299752493487497,0
3.039025326848135,0.007937627715113365,0.9701792074603526,69.3997939112458,31.802390440233104,3.5776466970429506,1
0.6207874270578917,0.0030489733101919493,0.7811199741283774,35.79389765235845,12.024356186067578,2.1009766520975903,1
2.8773780061074468,0.0018231324472433809,0.12881087420505444,47.69792323675753,23.500712991730552,3.4520407190419213,0
0.11520328322721152,0.026700857757437798,0.6486523407922737,62.8368142403256,33.9257256159798,1.8717472221261895,0
3.738332126748131,0.012417856056745558,1.8994546311163132,75.29800762050243,23.7304749749859,0.4706695574546371,1
4.683799522391815,0.021711892429826175,0.9497930405405368,67.16578368122103,34.25564388736424,0.2924191164918888,1
3.8171845838762457,0.028076900883422434,1.7195867312942348,21.705419722795405,32.96920197382097,2.282921663310648,0
4.690106350465011,0.044494060017559185,0.1318810309384737,94.24261422137673,13.415240122715458,2.237655361542457,1
2.223596784022672,0.003817584445301342,0.1348340089640967,15.799196223113798,11.375751033449315,2.554391770213567,0
0.2329965584190663,0.023190636838058044,1.1731610232972116,26.466917241309606,30.607390888894127,4.2904036817639755,0
3.4504537881845856,0.0015179062042581792,1.5955273089141175,71.4312620376616,13.446034993252576,1.183721636684295,0
3.8511347380173215,0.022867634978335855,0.20370915918735433,88.62077258620907,10.192611658418812,3.8217515136402835,0
0.563547041641641,0.04113280682706438,0.8764928409548358,60.71249599940675,33.07711308423189,3.3598336359497747,1
4.647079479129549,0.016157840820405944,0.9388475063364445,77.67438310320517,10.960120259025526,1.2967569054687667,0
4.2666377862969656,0.018541093787921625,1.0896801687794404,2.5739203580092296,23.251794717845875,1.5738519719433435,1
3.6433640770060083,0.01989864415441568,0.18270482854166215,43.187790258735845,36.748930407677804,1.7282215343504703,1
3.0913830926506654,0.027265790363756204,0.7171211882781698,30.095662083407582,29.55656136415499,2.351093255436247,0
4.963552608723197,0.0035007779492880475,0.6045700110964247,92.08281211205849,30.24523322111207,4.845735032986095,0
3.294696151625884,0.032691745153687876,1.369535129964031,96.3994213298754,21.237924154536902,4.4494494150108705,1
3.509330416665006,0.042950596074758325,1.5343155471132102,39.95909109336204,34.91489635173436,1.1528325931726129,1
1.838011486022153,0.004076063891973703,1.7613522379505386,43.47345752569546,38.92269119998117,4.86590353799845,0
3.3622207265131743,0.035053663525658245,0.042645751721519964,43.83369440897296,33.869623190254956,0.24835216530627036,1
2.3608859323279345,0.04585653885520449,1.0150826114250522,30.38531583958678,38.99773878037456,4.415776249465349,0
0.026712395752351292,0.004294911625977249,1.1148834317398282,17.08639019156535,33.5125512343875,3.569810563816111,0
3.0181830271413816,0.022954615180101556,0.9164852655690086,17.9770203613277,37.336175714307146,3.1622051540289102,0
1.349273029604909,0.020074979694192058,1.670031270489498,26.16202985175995,26.448568765450077,2.9365535742038946,1
2.4664916971208877,0.010295661445001825,1.940972256620578,10.710723981972958,19.063760725165398,3.9847106462239443,1
0.8089347003155001,0.014024266327770719,1.3147636951115969,2.073623901529975,14.22630949280039,1.33621504768858,0
3.870942272393708,0.021444633111531566,1.8355703685854892,31.888241021268993,10.789125154260608,4.365983644262258,1
1.378070032697278,0.028253145921475528,0.5309355940881761,40.52411238837143,14.676051459652466,4.1090324238754405,0
1.6407181444755152,0.016502113574405546,0.32305209845465255,80.42104461475145,37.03917436968043,0.5216657696081756,0
2.044828595364077,0.03650842571842385,0.7605008962289082,49.93961239996394,24.535388465692044,1.8888988244492362,1
2.9707100429579665,0.041064326573667966,1.3791767032264006,14.636708732470172,28.43090713783022,4.282880797941781,0
0.8922555592393339,0.0489258997693519,1.4026142538577127,91.25820475903758,26.240950014047314,1.486176403248316,1
4.769532161576034,0.0354293819026207,1.6946644472333956,97.7233598419151,16.657694192744117,3.979887845827209,1
2.135180162353137,0.007280472337931915,1.9385063332988541,0.9802632995579486,26.016070719675124,0.9161949819842552,0
2.4022579616766593,0.013450353233624424,0.7500042549026298,89.78330587612359,24.64775590448583,2.920599455210935,1
2.997602757951589,0.03485867167222197,0.3819914339705819,75.81411807802961,11.293447337918202,0.9182565575766832,0
2.764928001859924,0.049350765948946426,0.00206462568197896,87.29054653507127,23.61199820778483,3.3656050858035664,1
2.428861353587399,0.023259965867061617,1.9064613696537076,18.854742197515062,28.71438524039517,0.6477458878492293,0
2.521546636015845,0.043196613988032415,0.2128086401971263,45.09324847845665,14.487131985257964,1.5427626044068854,0
2.3705431154445904,0.03270569416845389,0.8325405313246472,30.753291648083902,31.778024064665622,1.0027124739327675,0
4.271820796736616,0.034751934679073275,1.86464053154647,37.3636145639621,13.032468005919844,4.2999719529813,0
4.660625094323245,0.0063964622882341175,0.48614057689767054,54.138065341687145,25.805047757428174,0.4527552263264578,0
1.1893394039004035,0.04237939540252459,0.13136562995053125,38.273626026469174,36.9951413914408,1.6011803132382023,0
1.9220814884310893,0.015267609380384928,0.2289184041682677,24.182714341963816,29.60379151232661,2.6728269563581772,1
0.7724382103562877,0.016400221875184712,1.3678402717621332,79.29333747669747,28.116413281943686,3.614190865561489,1
3.620334717059222,0.006752569020317434,0.06915321590759205,97.62623963393128,17.61814132020332,2.902419259024252,1
3.463696148963134,0.004613898716124671,0.3157127931532029,31.472274270500755,20.363786391360982,3.812778276542562,1
3.7123750203528667,0.021326375582547165,1.827239584982758,82.73856653444884,39.14804474183568,2.84403417150284,1
0.6873484354436332,0.012262589071251185,1.9180386343187261,98.75425676666393,28.680430905130965,3.9840486575189042,1
4.933901250723804,0.02253245331833998,1.6733528891096203,27.125438834464898,16.207514223280015,0.743911292956213,0
0.3457331793437135,0.045104379102239384,1.0008944720299588,65.63695231611041,10.488101872166192,1.851661545526535,0
3.908840324500998,0.04149972547570488,0.4956753768965476,96.67037016638325,31.359002934508094,2.894315965810259,0
0.46025726867022443,0.033777685541107376,1.05472776240144,88.90518134844832,23.039178093032984,4.209180027158232,1
0.11200187936798167,0.03620394983179069,1.8058958743381783,30.63064363110337,24.684597996730112,0.8050519630302483,0
4.211986518955426,0.005153507662111917,1.3197075774488252,27.775869566997045,34.3901952937918,0.6969547469723941,1
1.3335244211368518,0.04171771165559009,0.7316672364973338,67.77328925914574,27.431464167745553,0.6795543116703051,1
0.09843107543094032,0.0355640815298136,0.43635274527393997,44.56295210016009,13.897121359905075,4.72465521003956,0
2.448229992789191,0.025315033947066235,1.143994658105454,56.23415010375663,13.386538005252449,0.7343321990828716,1
2.8937804720079736,0.037625052923333166,0.3363471067431423,1.9308081333557103,38.52753419605244,3.694636136540657,0
4.848415157365638,0.010351746774350619,0.173261251597286,93.20623904627864,10.971479220652217,3.0716844466773265,1
0.9748714703006167,0.04951809491057137,0.5657120165600455,84.99794269027565,13.309470217123796,4.026070169731668,1
4.225295982696996,0.015404344632266927,1.0807465546201833,18.700683182444077,35.21563152995445,4.348342673458306,1
3.6987319424271363,0.03769112050414489,0.48648614355625885,41.2427506761841,12.619981579928332,3.5114508166073755,0
3.1733859400157605,0.04646250167134111,1.3596451065245103,33.32940089262891,27.520199836647958,3.342188029219555,1
4.4278026526420575,0.02559860764067234,0.7350696709488012,62.55214946066312,31.898377392340166,3.322772638032654,1
4.614133279418303,0.023250082419492973,1.271667522821839,32.99781548707116,15.835274395940196,4.547270519861029,1
0.815226892772461,0.04670306821703801,0.9350691396060373,5.890517280314311,31.841927464716267,1.4816625638857595,1
2.2170564268303488,0.011780294346801962,0.7251098202937882,71.73600356190867,34.71988065051081,1.4354198122773827,0
2.055727942072388,0.036891468220336725,0.20460337066807366,17.54056307672841,16.1516302092655,0.3869634653527543,0
3.1871139833128153,0.023935160731898088,0.8466281602703405,13.508900411634862,23.834246031027604,0.38045769774370686,1
2.0119461837243007,0.03665630264781274,1.5965286687277789,88.56092713702252,34.005737132722004,2.932734580471681,1
4.921883354168902,0.04629744090384584,0.790644752399513,97.243808064201,11.828951259145423,4.161799613247933,0
4.432620454495876,0.029624027120000524,0.7863531195588713,22.424811948294334,29.714923713088844,1.4089293075670761,1
0.2569068949677161,0.049016384358128336,0.7365095364084484,85.02439266531688,16.184094227588872,1.9036930988102458,0
4.563068151673393,0.036437760693616345,0.1817233217824239,56.07262726093064,19.59437316189015,3.499043578632172,0
2.4983935133572728,0.049331587582467286,1.0561913691958515,36.852271820532124,29.22929374530981,4.303740026744243,1
1.3318255856603094,0.023684306821195957,0.574276102615217,50.450250845834766,17.55337309712,4.143032679587061,0
3.289682559932232,0.03756879886121173,0.9807576684533716,0.8872199076830567,36.00801819876628,4.066210303665728,1
